Sample.Name,Species,Pop,Missing.Prop,PRIMER10,PRIMER115,PRIMER127,PRIMER13,PRIMER139,PRIMER150,PRIMER159,PRIMER176,PRIMER180,PRIMER185,PRIMER186,PRIMER19,PRIMER195,PRIMER197,PRIMER206,PRIMER207,PRIMER215,PRIMER219,PRIMER228,PRIMER232,PRIMER244,PRIMER258,PRIMER262,PRIMER278,PRIMER280,PRIMER33,PRIMER38,PRIMER39,PRIMER4,PRIMER45,PRIMER69,PRIMER7,PRIMER76,PRIMER80,PRIMER85
2019-20_DDW1,FC,DDW,0.057142857,7|8,8|8,5|5,7|9,NA,NA,8|9,6|6,10|10,5|5,10|10,7|7,8|10,7|7,9|9,10|10,5|5,6|7,7|7,8|8,9|9,13|13,7|9,9|10,10|10,7|8,7|7,6|6,7|7,8|8,7|7,12|13,3|3,4|4,7|8
2019-20_DDW15,FC,DDW,0.257142857,7|8,NA,5|6,7|9,NA,NA,8|8,6|6,9|10,5|5,10|10,NA,8|11,7|8,NA,11|11,5|5,7|7,5|7,8|8,NA,NA,NA,8|9,10|10,8|8,7|7,6|7,7|7,7|8,NA,12|12,3|3,4|4,7|7
2019-20_DDW18,FC,DDW,0,7|7,10|11,5|5,9|9,7|9,11|12,8|9,6|6,9|9,5|5,9|10,7|9,8|10,7|7,10|10,12|12,5|5,6|6,6|6,8|9,8|9,13|14,6|9,10|10,9|9,7|8,6|7,5|6,5|8,7|9,7|7,12|13,3|3,4|4,7|7
2019-20_DDW19,FC,DDW,0,7|7,10|11,5|6,8|9,7|8,11|12,8|9,6|6,9|9,5|5,9|10,7|7,8|9,7|8,9|10,10|10,5|5,6|7,5|7,8|9,8|9,12|13,6|6,10|10,9|9,7|8,6|7,6|6,7|8,7|7,7|7,11|13,3|3,4|4,7|7
2019-20_DDW20,FC,DDW,0.028571429,7|8,11|11,5|5,7|9,8|8,10|10,8|8,6|6,10|10,5|5,10|10,7|7,10|11,8|8,10|11,10|12,5|5,6|7,6|6,8|8,NA,13|13,7|7,9|10,9|10,7|8,7|7,6|6,5|7,7|7,7|7,11|14,3|3,4|4,7|8
2019-20_DDW25,FC,DDW,0.342857143,7|7,NA,5|6,8|8,NA,NA,8|9,6|6,NA,5|5,7|11,NA,8|11,NA,NA,10|11,5|5,7|7,7|7,NA,NA,10|10,NA,10|10,10|10,8|8,6|7,5|6,7|7,NA,NA,13|14,3|3,4|4,7|7
2019-20_DDW28,FC,DDW,0,8|8,10|10,6|6,7|7,8|8,12|13,8|9,6|6,8|10,5|5,10|10,7|8,8|10,8|8,10|10,10|12,5|5,7|7,7|7,8|8,9|10,12|13,8|8,9|10,10|10,7|8,7|8,5|6,7|7,7|7,7|7,11|13,3|3,4|4,7|7
2019-20_DDW3,FC,DDW,0.142857143,7|8,NA,5|6,7|9,8|8,NA,8|8,6|6,8|9,5|5,10|10,7|7,10|10,7|8,NA,12|12,5|5,7|7,7|7,8|9,NA,12|13,NA,9|10,10|10,7|7,7|7,5|6,7|7,7|7,7|7,13|14,3|3,4|4,7|7
2019-20_DDW6,FC,DDW,0,7|7,10|12,7|7,8|8,8|8,12|12,8|9,6|6,8|10,5|5,10|11,8|9,8|10,7|8,9|10,12|12,5|5,7|7,5|7,8|10,8|9,13|13,8|9,9|10,10|10,7|8,6|7,6|7,7|7,7|9,7|7,12|14,3|3,4|4,7|9
2019-20_DDW7,FC,DDW,0.028571429,7|7,10|11,5|6,7|7,7|7,12|12,8|9,6|6,9|10,5|5,7|10,7|8,8|10,7|8,12|12,10|10,5|5,7|7,5|7,8|9,8|9,7|7,NA,10|10,10|10,8|9,7|7,5|7,7|7,7|8,7|7,12|12,3|3,4|4,7|7
2019-20_KAT1,FC,KAT,0.2,7|7,10|10,7|8,9|9,NA,NA,8|8,6|7,10|10,5|5,10|10,NA,9|10,7|7,NA,11|12,5|5,7|7,5|7,8|10,NA,10|10,6|7,10|10,10|10,7|7,NA,5|6,7|7,7|7,NA,12|12,3|3,4|4,7|7
2019-20_KAT16,FC,KAT,0.142857143,8|8,NA,5|6,8|9,7|8,NA,8|9,7|7,10|10,5|5,10|11,9|9,9|10,7|8,NA,10|10,5|5,7|7,5|7,8|8,NA,13|13,NA,8|10,10|10,7|7,7|7,5|6,7|8,7|9,7|7,12|12,3|3,4|4,7|7
2019-20_KAT3,FC,KAT,0.057142857,7|7,10|11,5|7,7|9,7|8,10|12,9|9,6|7,10|10,5|5,10|10,8|9,10|11,7|8,NA,11|12,5|5,7|7,5|5,8|8,9|9,7|7,NA,8|10,10|10,7|7,6|7,5|6,7|7,7|7,7|7,12|12,3|3,4|4,7|7
2019-20_KAT4,FC,KAT,0.171428571,7|8,NA,6|8,8|9,7|8,11|12,8|8,6|7,NA,5|5,10|11,NA,9|10,7|8,NA,12|13,5|5,7|7,6|7,8|8,NA,10|10,7|7,9|10,10|10,7|7,6|7,5|6,7|7,NA,7|7,12|12,3|3,4|4,7|7
2019-20_KAT5,FC,KAT,0.057142857,7|7,10|11,5|8,7|7,4|9,11|12,6|9,6|6,NA,5|5,9|9,8|8,10|10,7|8,9|9,11|11,5|5,7|7,6|7,8|8,NA,7|7,6|6,9|9,10|10,7|7,5|6,4|6,7|7,7|7,7|7,12|12,3|3,4|4,8|8
2019-20_KAT8,FC,KAT,0.2,7|7,NA,5|6,9|9,8|8,10|10,8|8,6|6,NA,NA,11|11,7|9,NA,8|8,9|9,11|11,5|5,7|7,6|7,8|8,NA,NA,6|7,10|10,10|10,8|8,7|7,6|6,7|7,7|7,7|7,11|12,3|3,4|4,NA
2019-20_KIS11,FC,KIS,0.057142857,7|7,10|11,5|6,8|9,8|9,12|13,9|9,6|7,NA,5|5,9|10,7|7,8|10,7|7,9|9,12|12,5|5,6|7,6|7,8|8,9|9,11|13,NA,9|10,10|10,8|9,7|7,6|6,7|8,7|7,7|7,12|13,3|3,4|4,7|7
2019-20_KIS5,FC,KIS,0.228571429,7|7,NA,5|6,8|9,7|9,11|11,8|9,6|6,NA,NA,9|10,7|7,NA,7|8,NA,11|12,5|5,7|7,7|7,8|8,NA,12|13,NA,10|10,9|10,7|7,7|7,6|6,7|8,7|7,7|7,13|13,3|3,4|4,NA
2019-20_KIS6,FC,KIS,0.285714286,7|8,NA,7|8,7|8,NA,NA,8|8,6|6,NA,5|5,10|11,NA,9|11,NA,NA,11|13,5|5,7|7,5|6,9|10,8|8,7|7,NA,10|10,9|10,7|7,6|7,5|7,7|7,NA,NA,11|12,3|3,4|4,7|7
2022-23_DDW140,FC,DDW,0.285714286,7|8,NA,4|5,7|9,8|8,NA,NA,6|6,NA,5|5,10|10,7|7,NA,8|8,9|9,10|11,5|5,7|7,7|7,8|8,NA,NA,NA,9|10,10|10,7|8,6|6,5|6,7|7,9|9,NA,12|13,3|3,4|4,NA
2022-23_DDW161,FC,DDW,0.2,7|7,NA,4|4,7|8,8|8,11|12,8|9,6|6,NA,5|5,9|10,7|10,NA,8|8,NA,10|11,5|5,6|7,7|7,8|8,NA,10|10,6|6,10|10,9|10,7|8,7|8,6|6,7|7,7|7,NA,13|13,3|3,4|4,NA
2022-23_DDW17,FC,DDW,0,7|8,8|10,5|6,7|8,7|9,11|11,8|9,6|6,9|9,5|5,9|10,7|9,10|11,7|9,9|10,11|12,5|5,7|7,5|7,8|8,8|9,11|12,8|9,9|10,10|10,7|9,7|7,5|5,7|7,7|7,7|7,13|13,3|3,4|4,7|8
2022-23_DDW191,FC,DDW,0.228571429,7|7,10|11,5|5,7|9,8|9,11|12,NA,6|6,NA,NA,9|9,NA,10|11,7|7,10|10,10|11,5|5,7|7,6|7,8|9,NA,10|10,NA,8|9,10|10,8|9,6|7,5|6,7|7,8|9,NA,12|13,3|3,4|4,NA
2022-23_DDW24,FC,DDW,0.314285714,7|7,NA,6|8,8|9,9|9,NA,NA,6|6,NA,NA,NA,NA,NA,7|7,11|11,11|11,5|5,7|7,5|6,8|8,NA,NA,8|8,9|9,10|11,7|7,7|7,5|6,5|7,9|9,7|7,12|13,3|3,4|4,NA
2022-23_DDW48,FC,DDW,0,8|8,10|10,5|6,7|9,8|9,12|12,8|9,6|6,8|10,5|5,10|10,7|7,10|10,7|7,12|12,10|12,5|5,6|7,7|7,8|9,9|9,13|13,7|8,9|10,10|10,7|8,7|7,6|6,7|7,7|8,7|7,13|13,3|3,4|4,7|8
2022-23_DDW60,FC,DDW,0.085714286,7|7,8|10,4|5,7|9,8|9,11|13,8|8,6|6,9|10,5|5,9|9,9|9,10|10,7|8,12|12,11|11,5|5,7|7,5|5,8|8,NA,7|7,NA,9|10,9|10,7|7,6|7,6|6,5|7,7|7,7|7,11|11,3|3,4|4,NA
2022-23_DDW98,FC,DDW,0.057142857,7|7,NA,5|6,8|8,9|9,12|13,8|9,6|6,9|10,5|5,9|10,7|9,NA,7|7,11|11,10|11,5|5,7|7,6|7,8|9,8|8,12|13,7|8,10|10,10|12,7|9,7|7,5|6,7|7,8|9,7|7,13|13,3|3,4|4,7|7
2022-23_KIS117,FC,KIS,0.257142857,7|7,NA,8|8,7|9,7|9,12|12,8|9,6|6,NA,NA,9|10,7|7,NA,7|9,NA,10|10,5|5,7|7,6|6,8|8,NA,NA,NA,9|10,10|10,7|8,7|7,6|6,7|7,7|7,7|7,12|13,3|3,4|4,NA
2022-23_KIS70,FC,KIS,0.114285714,7|8,NA,6|7,9|9,8|9,11|12,8|9,6|6,8|9,5|5,10|10,7|7,NA,7|9,9|9,10|10,5|5,7|7,6|6,8|8,NA,10|12,6|7,10|10,10|10,7|7,7|7,6|6,7|7,7|8,7|7,13|13,3|3,4|4,NA
2022-23_PBT16,FC,PBT,0,7|7,8|8,7|8,7|7,7|9,11|12,8|8,6|6,8|8,5|5,9|10,8|9,10|11,7|8,11|11,11|13,5|5,7|7,6|7,8|8,8|8,7|7,7|9,10|10,10|10,7|7,7|7,6|6,7|7,7|8,7|7,13|13,3|3,4|4,7|9
2022-23_PBT194,FC,PBT,0,7|7,8|10,4|4,7|9,7|8,12|13,8|8,6|8,9|9,5|5,9|9,7|8,10|11,8|9,9|10,10|11,5|5,7|7,6|6,8|9,8|8,7|7,6|7,9|10,10|10,8|8,7|7,5|6,8|8,7|7,7|7,11|11,3|3,4|4,7|9
2024-25_DDW103,FC,DDW,0.057142857,7|7,11|11,5|7,9|9,7|7,12|12,8|9,6|6,9|10,NA,10|10,8|9,10|10,7|7,9|10,11|12,5|5,6|7,5|6,8|8,NA,7|7,6|7,10|10,9|10,7|7,7|7,5|6,7|8,7|9,7|7,11|12,3|3,4|4,7|7
2024-25_DDW158,FC,DDW,0.171428571,7|8,NA,4|6,8|8,8|8,NA,NA,6|6,10|10,5|5,9|9,8|9,NA,7|7,9|10,10|11,5|5,7|7,6|7,8|8,NA,11|13,8|8,10|10,10|10,7|8,6|7,5|5,7|7,7|9,7|7,13|13,3|3,4|4,NA
2024-25_DDW165,FC,DDW,0.114285714,7|8,10|11,4|5,7|9,7|8,12|12,8|9,6|8,NA,NA,10|11,7|9,NA,8|8,11|12,10|10,5|5,7|7,6|7,8|8,NA,10|10,7|8,9|10,10|10,8|8,7|7,6|6,7|7,7|9,7|7,12|13,3|3,4|4,7|8
2024-25_DDW187,FC,DDW,0.171428571,7|7,NA,5|8,8|8,8|9,NA,NA,6|6,9|9,5|5,9|10,7|9,NA,8|9,9|9,10|11,5|5,7|7,5|7,8|8,NA,13|13,7|7,10|10,10|10,7|7,7|7,6|6,7|7,7|9,7|7,11|11,3|3,4|4,NA
2024-25_DDW92,FC,DDW,0.028571429,7|7,10|10,4|5,8|9,7|9,12|13,8|8,6|6,9|9,5|5,9|10,7|9,NA,7|7,11|11,12|12,5|5,6|7,5|7,8|8,9|9,12|13,6|6,9|10,10|10,8|8,7|7,5|6,7|8,7|9,7|7,13|14,3|3,4|4,7|7
2022-23_PBT129,FC,PBT,0.371428571,7|8,NA,5|5,7|7,6|9,11|13,NA,6|6,NA,NA,9|9,NA,NA,7|7,NA,12|13,5|5,7|7,6|6,8|9,NA,7|7,NA,9|10,9|9,8|8,7|7,5|7,5|7,NA,NA,NA,3|3,4|4,NA
