Sample.Name,Species,Pop,Missing.Prop,PRIMER105,PRIMER106,PRIMER11,PRIMER127,PRIMER13,PRIMER147,PRIMER159,PRIMER16,PRIMER165,PRIMER168,PRIMER169,PRIMER178,PRIMER180,PRIMER183,PRIMER184,PRIMER185,PRIMER189,PRIMER195,PRIMER197,PRIMER2,PRIMER204,PRIMER207,PRIMER257,PRIMER258,PRIMER262,PRIMER268,PRIMER278,PRIMER280,PRIMER45,PRIMER49,PRIMER74,PRIMER75,PRIMER76,PRIMER80,PRIMER85,PRIMER87,PRIMER91,PRIMER99
2019-20_DDW11,JC,DDW,0.102564103,11|13,NA,10|10,6|6,9|9,2|4,6|6,10|10,11|11,NA,8|8,8|8,10|10,6|7,11|12,9|9,8|8,9|9,10|10,8|8,9|9,9|11,11|11,14|14,6|7,8|10,NA,9|9,10|12,5|5,5|6,10|11,3|3,6|6,9|11,9|11,10|11,12|13
2019-20_DDW14,JC,DDW,0.128205128,11|13,7|8,9|10,6|6,9|9,NA,6|6,9|10,14|14,9|9,7|9,10|10,10|11,6|6,10|11,8|8,NA,9|10,9|10,8|8,NA,11|11,12|12,13|16,6|7,8|8,4|4,9|11,10|12,5|5,5|5,9|10,3|3,6|6,11|11,8|8,NA,13|14
2019-20_DDW16,JC,DDW,0.025641026,14|15,6|6,9|10,6|6,8|9,4|4,6|6,9|9,11|11,8|8,7|9,10|11,11|13,6|6,9|10,9|9,6|8,10|10,10|10,8|8,8|9,11|11,13|13,14|14,7|10,9|9,5|7,9|9,10|11,5|5,5|5,10|10,3|3,6|6,7|7,8|8,7|7,11|11
2019-20_DDW17,JC,DDW,0.282051282,NA,6|6,10|10,7|7,9|9,4|4,6|6,NA,11|11,8|8,9|10,9|10,10|10,6|6,10|11,NA,7|9,8|10,NA,8|8,8|8,9|9,NA,NA,NA,7|7,NA,9|11,NA,5|5,5|5,9|10,3|3,6|6,11|11,10|10,6|7,NA
2019-20_KAT13,JC,KAT,0.025641026,10|10,6|6,12|12,6|7,9|9,4|4,6|6,8|8,12|12,11|11,7|7,8|8,11|11,6|8,11|11,9|9,7|8,9|10,10|10,8|11,9|9,11|11,12|12,12|12,6|7,9|9,8|8,9|9,10|11,5|5,6|7,10|11,3|3,6|7,10|10,7|8,7|10,11|11
2019-20_KAT14,JC,KAT,0.205128205,NA,6|6,NA,6|6,8|8,2|4,6|6,NA,12|12,10|11,7|7,8|13,10|11,6|6,10|11,NA,7|7,10|10,NA,8|8,10|10,11|11,13|13,NA,6|7,9|9,NA,9|9,11|11,5|5,5|6,11|11,3|3,6|7,10|10,7|8,7|7,12|12
2019-20_KAT15,JC,KAT,0.179487179,13|15,6|6,10|10,6|6,8|9,2|2,6|6,NA,NA,11|11,7|9,8|13,10|11,6|6,10|11,NA,7|7,10|10,10|10,NA,10|10,11|11,13|14,13|16,6|7,9|9,NA,9|9,NA,5|5,5|6,10|11,3|3,6|7,10|10,7|8,7|7,11|11
2019-20_KAT6,JC,KAT,0.051282051,9|9,6|7,10|12,6|7,8|9,4|4,6|6,9|9,NA,9|9,7|7,9|11,9|9,6|6,11|11,10|10,6|7,9|9,10|10,8|8,9|9,10|11,13|13,14|15,7|7,7|9,7|7,10|10,10|11,5|5,5|5,9|11,3|3,6|6,11|11,8|8,9|9,12|13
2022-23_DDW11,JC,DDW,0.076923077,10|10,6|7,10|11,6|7,8|9,2|4,5|6,10|11,11|11,8|8,5|5,8|11,9|10,7|7,10|11,NA,6|7,9|10,10|10,8|8,7|10,11|11,11|11,15|15,6|8,9|9,NA,9|9,10|11,5|5,5|5,10|10,3|3,6|6,8|9,8|10,9|10,12|12
2022-23_DDW131,JC,DDW,0.076923077,10|13,7|7,9|10,6|7,8|8,4|4,6|6,9|11,12|13,8|10,7|8,8|11,9|9,7|8,10|11,NA,7|7,11|11,9|11,8|8,5|5,11|11,11|11,14|14,6|7,9|9,NA,9|9,10|10,5|5,5|7,11|11,3|3,6|6,10|11,8|9,7|10,12|12
2022-23_DDW44,JC,DDW,0.051282051,12|12,6|6,10|10,7|7,8|9,4|4,6|7,10|10,12|14,10|10,8|9,8|9,10|10,7|8,10|11,NA,7|8,10|11,10|12,8|8,10|11,11|11,11|11,15|16,6|8,8|11,9|9,11|11,11|12,5|5,5|5,9|9,3|3,6|6,11|11,8|8,7|9,12|12
2022-23_DDW6,JC,DDW,0.102564103,10|10,6|7,10|11,6|7,8|8,2|4,5|6,10|10,11|14,8|10,5|5,8|11,9|10,7|7,10|11,NA,6|7,9|10,NA,8|8,7|10,11|11,11|11,15|15,6|8,9|9,NA,9|9,10|11,5|5,5|5,10|10,3|3,6|6,8|9,10|10,9|10,14|14
2022-23_DDW71,JC,DDW,0.025641026,13|14,6|6,10|11,8|8,9|11,4|4,6|6,9|9,12|13,11|12,9|9,7|7,10|10,6|6,11|12,10|10,7|9,10|11,8|8,9|10,11|11,9|9,12|13,14|16,6|6,8|9,6|6,9|9,10|11,5|5,5|5,10|11,3|3,6|6,9|11,9|9,7|9,12|12
2024-25_DDW104,JC,DDW,0.076923077,10|13,7|10,10|10,6|8,8|9,2|4,6|6,9|9,NA,10|10,5|7,7|7,9|9,5|8,10|10,NA,6|6,11|11,9|10,9|12,7|7,11|11,10|10,12|13,6|6,8|9,6|6,11|12,11|11,5|5,5|5,10|11,3|3,6|6,11|11,8|9,7|9,12|13
2024-25_DDW109,JC,DDW,0,12|13,6|6,9|11,7|8,8|9,4|4,6|6,8|8,11|11,10|10,8|10,8|9,9|10,5|5,11|12,10|10,7|9,9|11,9|10,8|8,8|11,11|11,11|11,16|16,6|6,7|9,8|8,9|9,10|12,5|5,5|5,11|11,3|3,6|6,8|8,7|8,7|7,11|11
2024-25_DDW112,JC,DDW,0.230769231,12|12,NA,11|11,6|7,9|11,4|4,6|6,NA,11|11,10|10,9|9,10|10,NA,5|6,11|12,NA,8|8,10|10,NA,8|8,11|11,11|12,10|12,14|14,6|6,7|8,NA,9|9,11|11,5|5,5|6,NA,3|3,6|6,12|12,9|9,9|9,NA
2024-25_DDW119,JC,DDW,0.025641026,10|12,6|6,10|11,8|9,8|9,4|4,6|6,9|9,12|12,9|9,7|10,10|11,9|9,6|8,11|11,NA,7|8,9|10,10|10,10|10,5|5,11|11,12|13,15|16,6|8,9|9,8|10,9|9,10|11,5|5,5|5,10|10,3|3,6|6,11|11,8|9,7|10,12|13
2024-25_DDW130,JC,DDW,0.102564103,11|12,NA,10|10,7|7,9|9,4|4,6|6,8|8,11|11,10|10,9|9,6|6,10|12,5|8,10|11,10|10,6|7,10|11,10|10,10|10,9|10,11|11,10|10,NA,6|7,8|9,NA,9|10,11|12,5|5,5|5,10|10,3|3,6|6,8|10,9|9,9|9,12|13
2024-25_DDW135,JC,DDW,0.025641026,12|13,6|6,11|11,7|8,9|9,4|4,6|6,8|10,11|11,10|10,5|8,9|10,9|9,6|6,11|12,10|10,7|8,10|10,10|10,8|8,8|11,9|11,11|12,16|16,6|6,7|10,5|5,9|10,10|12,5|5,5|5,9|11,3|3,6|6,11|12,8|8,7|7,12|12
2024-25_DDW136,JC,DDW,0.333333333,NA,7|7,11|11,7|8,8|8,4|6,6|7,NA,NA,NA,7|9,9|10,NA,6|6,11|13,NA,7|9,11|11,NA,NA,8|11,11|11,NA,15|16,6|6,9|10,NA,9|9,NA,5|5,5|6,9|10,3|3,4|6,11|11,7|7,7|7,NA
2024-25_DDW150,JC,DDW,0.307692308,14|15,NA,9|11,7|8,9|11,4|4,6|6,NA,NA,9|9,8|9,10|10,9|11,6|8,NA,NA,6|7,10|11,10|10,NA,11|11,9|11,12|13,NA,6|6,7|10,NA,10|11,NA,5|5,5|5,9|11,3|3,6|6,12|12,8|8,NA,NA
2024-25_DDW161,JC,DDW,0,11|12,6|6,9|10,6|7,8|9,4|4,6|6,9|9,12|13,10|10,9|9,8|11,9|9,6|8,9|10,8|8,7|10,10|11,9|11,8|8,10|11,9|11,10|11,13|14,6|7,8|11,6|6,9|9,10|10,5|5,5|7,10|11,3|3,6|6,9|11,8|9,8|10,12|12
2024-25_DDW179,JC,DDW,0.051282051,11|13,6|6,12|12,8|8,9|9,4|4,6|6,8|10,11|11,6|6,5|7,8|11,9|9,6|7,10|12,NA,7|8,10|10,9|10,8|11,9|9,11|13,12|12,14|14,6|6,8|9,5|5,9|9,11|11,5|5,5|5,10|11,3|3,6|6,10|11,8|9,6|7,12|14
2024-25_DDW20,JC,DDW,0.025641026,13|14,6|6,10|11,6|6,8|8,2|2,6|6,8|8,12|12,9|9,7|7,6|6,9|9,5|6,10|10,11|11,7|8,8|8,9|10,8|9,7|9,11|11,11|11,13|14,6|9,7|9,8|8,10|10,11|11,5|5,5|5,11|11,3|3,6|6,10|11,8|8,7|10,12|12
2024-25_DDW225,JC,DDW,0.025641026,10|10,6|7,11|12,6|7,8|9,4|4,6|6,9|9,11|11,10|10,5|8,7|9,10|10,6|6,11|12,10|10,7|7,9|10,10|10,9|12,8|10,11|11,13|13,15|15,6|8,8|9,5|8,10|10,11|11,5|5,5|5,11|11,3|3,6|6,10|10,7|7,7|7,12|12
2024-25_DDW236,JC,DDW,0.076923077,12|14,6|6,10|10,7|7,8|9,2|2,6|6,8|8,12|12,9|9,7|7,6|6,11|11,6|9,11|11,NA,7|8,8|8,10|10,8|9,8|9,NA,10|11,16|16,6|6,9|9,9|9,10|10,11|11,5|5,5|5,7|9,3|3,6|8,11|11,8|8,7|10,12|12
2024-25_DDW42,JC,DDW,0.025641026,12|13,6|6,10|11,6|8,8|9,4|4,6|6,9|9,11|11,10|10,5|7,8|11,10|10,6|6,11|12,8|8,7|8,10|11,10|10,11|12,7|7,11|11,10|11,16|16,6|8,9|11,9|12,9|10,10|11,5|5,5|7,9|10,3|3,6|6,11|11,9|9,9|9,13|13
2024-25_DDW76,JC,DDW,0.025641026,13|15,6|7,10|10,6|7,8|9,4|6,6|6,8|8,12|14,8|9,7|10,8|10,11|11,7|9,11|11,9|9,7|8,10|10,10|10,14|15,9|10,11|11,11|11,14|15,6|6,8|8,7|7,10|10,11|12,5|5,5|5,11|11,3|3,6|6,11|12,8|8,9|11,12|13
2024-25_DDW90,JC,DDW,0.102564103,11|14,7|7,9|9,7|7,8|8,2|4,6|6,9|9,NA,7|7,8|10,9|10,10|11,6|7,12|12,NA,8|8,9|11,10|10,11|12,8|9,11|11,11|11,12|12,7|7,8|8,NA,9|10,9|9,5|5,5|5,9|9,3|3,6|6,9|11,8|9,9|9,12|12
2024-25_DDW95,JC,DDW,0.025641026,13|15,7|7,10|10,6|7,8|8,2|4,6|6,8|8,11|11,9|9,5|5,6|10,9|10,7|7,10|12,10|10,8|8,11|11,10|12,12|12,7|8,11|11,10|11,12|12,6|6,8|10,6|6,9|10,10|10,5|5,5|7,10|10,3|3,6|6,11|11,8|9,7|8,11|11
2024-25_DDW97,JC,DDW,0.051282051,12|13,7|7,10|10,7|8,8|9,4|4,6|6,8|8,12|13,6|7,8|9,10|11,9|9,6|7,10|11,NA,6|7,10|10,9|10,14|15,9|9,11|11,11|12,14|14,6|6,9|10,6|6,9|9,11|11,5|5,5|5,10|10,3|3,6|8,10|13,8|9,6|7,12|12
2024-25_KAT24,JC,KAT,0.128205128,NA,6|6,11|11,7|7,8|10,4|4,6|6,NA,11|12,10|10,5|5,8|11,9|9,7|8,9|9,NA,7|7,7|7,10|10,10|10,8|11,11|11,11|13,9|9,6|7,8|9,NA,9|9,10|11,5|5,5|5,7|9,3|3,6|6,11|12,7|8,8|8,12|13
2024-25_KAT4,JC,KAT,0.051282051,13|13,7|7,10|10,6|6,8|9,2|2,6|6,9|9,12|12,9|10,7|7,11|11,10|10,7|7,12|12,9|10,7|9,10|10,10|10,9|9,11|11,9|11,12|13,15|15,7|8,8|11,NA,9|9,12|12,5|5,5|5,10|10,3|3,6|6,10|11,8|8,6|6,12|13
2024-25_KAT54,JC,KAT,0.179487179,NA,NA,10|10,6|6,8|8,4|4,6|6,NA,11|12,8|8,5|7,NA,9|9,7|7,13|13,10|10,7|7,7|10,10|10,8|8,10|10,11|11,11|11,NA,6|7,8|10,NA,13|13,11|12,5|5,7|8,7|7,3|3,6|7,11|12,8|8,7|8,12|12
2024-25_PBT82,JC,PBT,0.153846154,NA,6|7,NA,6|6,7|9,4|6,6|6,9|9,10|10,9|9,7|8,8|8,10|11,6|6,9|10,10|10,7|7,10|10,10|10,7|7,9|10,NA,11|11,12|12,7|7,8|9,6|6,9|9,10|12,5|5,5|5,7|7,3|3,6|6,9|9,NA,NA,12|12
