Sample.Name,Species,Pop,Missing.Prop,PRIMER106,PRIMER11,PRIMER125,PRIMER127,PRIMER142,PRIMER152,PRIMER159,PRIMER163,PRIMER180,PRIMER184,PRIMER19,PRIMER197,PRIMER210,PRIMER215,PRIMER219,PRIMER220,PRIMER227,PRIMER228,PRIMER229,PRIMER232,PRIMER238,PRIMER244,PRIMER259,PRIMER273,PRIMER274,PRIMER278,PRIMER280,PRIMER39,PRIMER4,PRIMER55,PRIMER69,PRIMER7,PRIMER72,PRIMER83,PRIMER85,PRIMER99
2022-23_DDW230,LP,DDW,0.162162162,8|8,8|10,6|6,6|7,10|10,NA,NA,7|8,9|9,15|16,5|5,8|8,6|6,7|8,NA,8|8,10|12,3|3,9|10,6|6,11|12,7|7,2|2,4|4,7|8,8|9,8|11,7|8,6|7,6|9,6|9,8|9,5|5,NA,8|8,NA
2022-23_KAT100,LP,KAT,0.189189189,7|8,8|8,NA,6|7,10|11,NA,6|6,7|9,9|9,11|11,5|5,8|8,6|6,8|8,NA,8|8,10|10,3|3,9|10,6|6,11|11,NA,2|2,4|4,5|5,8|10,10|10,7|7,7|7,NA,9|9,7|7,5|5,NA,9|11,10|10
2022-23_KAT115,LP,KAT,0.081081081,7|7,8|10,6|6,6|7,10|10,14|14,6|6,7|7,9|11,16|17,5|5,8|8,6|6,7|8,NA,8|8,9|10,3|3,8|10,6|6,11|12,8|8,2|2,4|4,5|5,9|9,8|10,7|7,7|7,NA,10|10,7|7,5|5,11|12,8|8,12|13
2022-23_KAT12,LP,KAT,0.324324324,7|7,8|8,NA,6|7,NA,NA,6|6,7|7,9|9,15|16,5|5,8|10,6|6,8|10,NA,NA,NA,3|3,8|9,6|6,10|10,NA,2|2,4|4,5|5,10|10,11|12,7|7,7|7,NA,9|9,7|8,5|5,NA,NA,NA
2022-23_KAT36,LP,KAT,0.108108108,8|8,8|8,9|9,6|7,10|10,14|15,6|6,7|8,9|9,14|15,5|5,8|10,6|6,7|8,NA,8|8,9|10,3|3,8|11,6|6,11|13,7|7,2|2,4|4,NA,10|10,11|12,7|7,6|7,NA,9|10,7|7,5|5,11|11,9|9,11|11
2022-23_KAT60,LP,KAT,0.108108108,8|8,8|8,6|6,7|7,10|10,14|14,6|6,7|7,9|11,14|15,5|5,8|8,6|6,8|8,NA,6|6,10|10,3|3,9|10,6|6,11|11,NA,2|2,NA,5|5,8|8,8|8,7|7,7|7,10|11,7|7,8|8,5|5,11|11,9|9,10|10
2022-23_KAT98,LP,KAT,0.054054054,8|8,8|8,9|10,7|7,10|10,14|14,6|7,6|7,9|9,14|16,5|5,8|8,6|6,7|8,NA,8|8,10|12,3|3,8|8,6|6,11|11,7|7,2|2,4|4,10|11,8|10,8|11,7|8,6|7,11|11,6|6,7|7,5|5,11|11,8|8,11|11
2022-23_KIS43,LP,KIS,0.216216216,8|8,10|10,6|6,7|7,10|10,NA,6|6,7|8,NA,15|16,5|5,8|8,6|6,7|8,NA,6|6,10|10,3|3,8|10,6|6,11|11,NA,2|2,4|4,8|11,9|10,11|11,6|7,6|7,NA,6|6,7|8,5|6,NA,NA,11|11
2022-23_KIS77,LP,KIS,0.27027027,8|8,8|8,NA,7|7,9|9,NA,6|6,7|7,NA,11|11,5|5,8|8,6|6,7|8,NA,8|8,10|11,3|3,9|10,6|6,11|11,NA,2|2,4|4,5|5,8|9,10|12,7|7,7|7,NA,6|6,7|8,5|5,NA,NA,NA
2022-23_PBT130,LP,PBT,0.054054054,7|8,8|8,6|6,7|7,10|10,13|14,6|6,7|8,9|9,15|16,5|5,8|10,6|6,7|8,9|9,8|8,8|8,3|3,8|10,6|6,12|12,7|7,2|2,4|4,5|5,8|8,10|11,7|7,7|7,10|10,7|9,7|8,5|5,NA,8|8,13|13
2022-23_PBT195,LP,PBT,0.27027027,8|8,8|8,6|6,6|7,10|10,NA,6|6,7|8,NA,11|11,5|6,8|8,6|6,8|9,NA,8|8,10|10,3|3,8|10,6|6,11|11,NA,2|2,4|4,5|5,8|8,11|11,7|7,6|6,NA,7|7,NA,5|6,NA,NA,NA
2022-23_PBT216,LP,PBT,0.081081081,8|8,8|8,9|9,7|7,10|10,14|14,6|6,7|9,9|9,16|16,5|5,8|8,6|6,8|8,NA,6|6,10|11,3|3,8|10,6|6,11|12,NA,2|2,4|4,7|7,9|9,10|11,7|8,7|7,10|10,6|10,7|8,5|6,11|11,8|8,11|12
2022-23_PBT247,LP,PBT,0.189189189,8|8,8|8,6|6,7|7,10|10,NA,6|6,7|8,9|11,15|15,5|5,8|8,6|6,7|8,NA,6|6,10|11,3|3,9|10,6|6,11|11,NA,2|2,4|4,5|5,8|9,11|11,7|8,6|7,NA,10|10,7|9,5|6,NA,8|8,NA
2022-23_PBT250,LP,PBT,0.108108108,8|8,8|8,6|6,7|7,10|11,NA,6|7,7|7,9|9,15|15,5|5,8|10,6|6,7|8,NA,6|6,10|10,3|3,8|11,6|6,12|12,8|9,2|2,4|4,7|8,9|9,10|11,7|8,7|7,11|11,8|11,7|9,5|5,NA,8|8,11|11
2024-24_KIS67,LP,KIS,0.081081081,7|8,8|8,9|9,7|7,10|10,14|14,6|6,7|8,9|9,11|11,5|5,8|8,6|6,7|8,NA,7|8,9|9,3|3,8|10,6|6,11|12,9|9,2|2,4|4,8|8,8|8,10|11,7|7,6|7,10|10,6|8,8|8,5|5,NA,8|8,9|9
2024-25_DDW132,LP,DDW,0.054054054,8|8,8|11,6|6,6|7,10|11,14|14,6|6,7|7,9|9,15|15,5|5,8|10,6|6,10|10,NA,8|9,10|11,3|3,8|10,6|6,11|11,7|7,2|2,4|4,7|7,8|9,8|8,7|7,6|6,10|11,10|10,7|7,5|5,11|11,8|8,12|13
2024-25_DDW144,LP,DDW,0.27027027,8|8,8|11,6|6,6|7,NA,NA,6|6,NA,9|9,15|15,5|5,8|8,6|6,10|10,NA,8|9,10|10,3|6,8|10,6|6,11|11,NA,2|2,4|4,7|7,8|9,8|8,7|7,6|6,NA,10|10,7|9,5|5,NA,NA,NA
2024-25_DDW15,LP,DDW,0.108108108,8|8,8|8,6|9,6|7,10|10,14|16,6|6,7|9,9|9,15|16,5|6,8|10,6|6,8|8,NA,8|8,9|10,3|3,10|10,6|6,11|12,7|7,2|2,4|4,5|5,9|9,10|11,7|7,6|7,NA,6|6,8|8,5|5,NA,8|8,10|10
2024-25_DDW206,LP,DDW,0.135135135,8|8,8|10,6|6,6|6,10|10,13|14,6|6,8|8,9|9,15|15,5|5,8|8,NA,7|8,NA,8|8,10|10,3|3,8|10,6|6,11|11,7|7,2|2,4|4,7|7,9|10,11|12,7|7,6|7,10|10,6|6,7|8,5|5,NA,8|8,NA
2024-25_DDW229,LP,DDW,0.216216216,7|7,8|10,6|6,7|7,10|10,NA,6|6,7|7,11|11,16|17,5|5,9|10,6|6,7|7,NA,8|8,9|9,3|3,8|10,6|6,11|11,NA,2|2,4|4,7|8,8|9,11|12,7|7,7|7,NA,9|10,8|9,5|5,NA,NA,NA
2024-25_DDW24,LP,DDW,0.108108108,7|8,8|8,6|6,6|7,9|10,14|14,6|7,7|7,11|11,11|11,5|5,8|8,6|6,7|8,NA,8|8,10|10,3|3,8|8,6|6,11|12,NA,2|2,4|4,9|11,8|10,10|11,7|7,6|6,11|11,10|10,7|8,5|5,NA,8|8,9|10
2024-25_KAT30,LP,KAT,0.054054054,7|7,8|8,6|6,6|7,9|10,14|14,6|6,7|7,9|9,11|11,5|5,8|8,6|6,7|8,NA,8|9,10|10,3|3,8|10,6|6,11|11,9|9,2|2,4|4,5|5,9|12,10|12,7|7,6|7,11|11,9|9,7|7,5|5,11|11,8|9,10|10
2024-25_KAT40,LP,KAT,0.054054054,7|8,8|8,6|9,6|7,9|10,13|13,6|6,7|7,9|9,16|17,5|5,8|8,6|6,8|8,NA,8|9,10|10,3|3,9|11,6|6,11|12,7|7,2|2,4|4,5|5,9|9,10|11,7|7,6|7,11|11,9|9,7|7,5|5,11|13,8|8,10|10
2024-25_KAT48,LP,KAT,0.054054054,7|8,8|8,6|6,6|7,10|11,14|14,6|6,7|7,9|9,11|11,5|5,10|11,6|6,7|7,NA,8|8,10|10,3|3,10|11,6|6,11|12,9|9,2|2,4|4,5|5,9|10,11|11,7|8,6|7,11|11,9|10,7|7,5|5,11|11,8|8,10|12
2024-25_KAT5,LP,KAT,0.216216216,8|8,8|8,6|6,7|7,9|10,NA,6|7,7|7,9|9,11|11,5|5,8|9,NA,7|8,NA,6|6,9|9,3|3,8|10,6|6,11|11,NA,2|2,4|4,5|5,8|8,11|12,7|7,7|7,NA,10|10,7|7,5|5,NA,8|8,NA
2024-25_KAT59,LP,KAT,0.081081081,7|8,8|8,6|6,7|7,10|11,14|14,6|6,7|7,9|9,11|11,5|5,8|8,6|6,8|8,NA,8|9,10|10,3|3,9|11,6|6,11|13,7|7,2|2,4|4,5|5,9|10,12|12,7|8,6|7,11|11,9|10,7|7,5|5,NA,8|8,12|12
2024-25_KAT62,LP,KAT,0.054054054,7|8,8|8,6|6,6|7,10|11,14|14,6|6,7|9,9|11,11|11,5|5,8|8,6|6,7|7,NA,9|9,10|10,3|3,11|11,6|6,11|11,7|7,2|2,4|4,5|5,9|10,10|11,7|7,6|7,10|10,8|10,8|10,5|5,11|11,8|8,12|12
2024-25_KAT73,LP,KAT,0.027027027,7|8,8|8,6|6,6|7,10|11,14|14,6|6,7|7,9|9,11|11,5|5,8|8,NA,7|7,7|9,8|8,10|12,3|3,8|8,6|6,11|13,7|7,2|2,4|4,5|5,8|8,12|12,7|7,6|7,11|11,9|10,7|7,5|5,11|11,8|9,12|13
2024-25_KAT74,LP,KAT,0.027027027,7|8,8|8,6|6,6|7,10|11,14|14,6|6,7|7,9|9,11|11,5|5,8|8,NA,7|7,7|9,8|8,10|10,3|3,8|8,6|6,11|11,7|7,2|2,4|4,5|5,8|8,12|12,7|7,6|7,10|10,9|10,7|7,5|5,13|13,8|8,12|12
2024-25_KAT76,LP,KAT,0.108108108,8|8,8|8,6|6,7|7,9|9,14|14,6|6,7|7,9|9,11|11,5|5,8|8,6|6,8|8,NA,11|11,9|9,3|3,8|9,6|6,11|12,NA,2|2,4|4,5|5,8|8,11|11,8|8,6|6,11|11,9|9,7|7,5|5,NA,8|8,12|13
2024-25_KIS40,LP,KIS,0.054054054,7|8,9|9,6|6,6|7,11|11,14|14,6|7,7|7,11|12,11|11,5|5,8|10,6|6,7|7,9|9,9|9,10|10,3|3,9|10,6|6,10|12,7|7,2|2,4|4,5|5,8|9,11|11,7|7,6|7,10|11,10|10,7|8,5|5,NA,8|8,12|12
2024-25_KIS44,LP,KIS,0.297297297,7|8,9|9,6|6,6|7,11|11,NA,NA,7|7,11|11,11|14,5|5,8|8,6|6,7|10,NA,NA,10|10,3|3,9|10,6|6,NA,NA,2|2,4|4,5|5,8|9,11|11,7|7,6|7,NA,10|10,7|8,5|5,NA,NA,NA
2024-25_KIS85,LP,KIS,0.081081081,8|8,8|8,6|9,6|7,10|10,14|14,6|6,7|9,9|9,15|16,5|5,8|8,6|6,7|8,NA,8|8,10|10,3|3,10|10,6|6,11|12,7|7,2|2,4|4,5|5,9|9,11|11,7|7,6|7,NA,6|6,8|8,5|6,11|11,8|8,12|13
2024-25_PBT1,LP,PBT,0.297297297,7|8,8|8,NA,7|7,NA,13|13,6|7,8|8,NA,16|16,5|5,8|10,6|6,8|8,NA,7|8,9|10,3|3,8|9,6|6,11|12,NA,2|2,4|4,8|8,8|8,10|10,7|7,6|7,NA,NA,7|8,5|5,NA,NA,NA
2024-25_PBT68,LP,PBT,0.027027027,8|8,8|8,6|6,7|7,9|10,13|14,6|6,7|7,9|10,11|11,5|6,10|11,6|6,8|8,10|10,8|8,9|11,3|3,9|10,6|6,11|12,7|7,2|2,4|4,5|5,8|8,10|12,7|7,7|7,11|11,6|7,7|8,5|5,11|12,8|8,10|12
